{
    "stage": "clean_finetune",
    "seed": 42,
    "checkpoint": "models/clean_finetune.pth",
    "clean_test": {
        "loss": 0.14412614259498693,
        "accuracy": 0.958904109589041
    },
    "lazy_test": {
        "loss": 0.8878315070803829,
        "accuracy": 0.7410237923576064
    },
    "lazy_drop_abs": 0.21788031723143464
}